{"connect":{"enabled":false,"splitPlanHash":null},"contractId":"c_demo_delivery","contractVersion":1,"policies":{"claimPolicy":{"autoApproveThresholdCents":0,"currency":"USD","maxPayoutCents":0,"reservePercent":0},"coveragePolicy":{"coverageTierId":null,"creditFundingModel":"PLATFORM_EXPENSE","feeCentsPerJob":0,"feeModel":"PER_JOB","includedAssistSeconds":0,"insurerId":null,"overageRateCentsPerMinute":0,"recoverablePercent":100,"recoverableTerms":null,"required":false,"reserveFundPercent":100,"responseSlaSeconds":0},"creditPolicy":{"currency":"USD","defaultAmountCents":1250,"enabled":true,"maxAmountCents":1250},"evidencePolicy":{"retentionDays":30},"slaOverridesByEnvironmentTier":{}},"schemaVersion":"ContractPolicyTemplate.v1"}
