{"artifactHash":"2663d42ee9cdc28c72f97c346f6c4c679c2af6ec9a463cb9ae1f31b1e03b8cef","artifactId":"credit_job_det_00000012_cred_det_00000050","artifactType":"CreditMemo.v1","atChainHash":"8d052700ede8a005dd4db0713a67b10d38e6c448c326b64a570b5d33daf7aff7","credit":{"amountCents":1250,"creditId":"cred_det_00000050","currency":"USD","funding":{"insurerId":null,"model":"PLATFORM_EXPENSE","receivableRefId":null,"recoverableCents":null,"recoverablePercent":null},"issuedAt":"2026-01-20T10:19:32.000Z","reason":"SLA_BREACH","settledEventId":"evt_det_00000046","trigger":{"breachEventId":"evt_det_00000049","breaches":[{"latenessMs":180000,"startedAt":"2026-01-20T10:18:00.000Z","type":"START_LATE","windowEndAt":"2026-01-20T10:15:00.000Z","windowStartAt":"2026-01-20T10:00:00.000Z"},{"completedAt":"2026-01-20T10:18:32.000Z","latenessMs":212000,"type":"COMPLETE_LATE","windowEndAt":"2026-01-20T10:15:00.000Z"}],"detectedAt":"2026-01-20T10:19:32.000Z","policy":{"maxExecutionMs":5400000,"maxStallMs":600000,"mustStartWithinWindow":true,"slaVersion":1},"type":"SLA_BREACH","window":{"endAt":"2026-01-20T10:15:00.000Z","startAt":"2026-01-20T10:00:00.000Z"}},"type":"SLA"},"eventProof":{"eventCount":17,"lastChainHash":"8d052700ede8a005dd4db0713a67b10d38e6c448c326b64a570b5d33daf7aff7","signatures":{"signedEventCount":17,"signerKeyIds":["key_11d527437c641225cc41a7c7","key_194af022ebdc840a1ff22836"]}},"generatedAt":"2026-01-20T10:19:32.000Z","job":{"contractId":"c_demo_delivery","customerId":"cust_demo","environmentTier":"ENV_HOSPITALITY","siteId":"site_demo","templateId":"reset_standard","zoneId":"zone_default"},"jobId":"job_det_00000012","jobVersion":17,"policyHash":"c12e7b9f6aba3585b1e0c795d40062719c3a15313a6d32020eb4ae9eefd356e8","schemaVersion":"CreditMemo.v1","sourceEventId":"evt_det_00000051","tenantId":"tenant_default"}
