{"artifacts":[{"artifactHash":"bba6faa1d5e11865c41f6e2e6fb67c86d2b3e05390b9442d6f03bf9bf6081d93","artifactId":"cert_job_det_00000012_evt_det_00000046","artifactType":"WorkCertificate.v1","error":null,"expectedHash":"bba6faa1d5e11865c41f6e2e6fb67c86d2b3e05390b9442d6f03bf9bf6081d93","ok":true},{"artifactHash":"2663d42ee9cdc28c72f97c346f6c4c679c2af6ec9a463cb9ae1f31b1e03b8cef","artifactId":"credit_job_det_00000012_cred_det_00000050","artifactType":"CreditMemo.v1","error":null,"expectedHash":"2663d42ee9cdc28c72f97c346f6c4c679c2af6ec9a463cb9ae1f31b1e03b8cef","ok":true},{"artifactHash":"6cc9aabb421b6369138cd3907e37e69e6375bd5aa1fd582b9af92ccbe0029fd9","artifactId":"settlement_job_det_00000012_evt_det_00000046","artifactType":"SettlementStatement.v1","error":null,"expectedHash":"6cc9aabb421b6369138cd3907e37e69e6375bd5aa1fd582b9af92ccbe0029fd9","ok":true},{"artifactHash":"296c61b08c69722ec7f964a20d021d4802fbd6778f2ef0f2cad868224ce5d6a9","artifactId":"settlement_job_det_00000012_evt_det_00000051","artifactType":"SettlementStatement.v1","error":null,"expectedHash":"296c61b08c69722ec7f964a20d021d4802fbd6778f2ef0f2cad868224ce5d6a9","ok":true}],"compiledPolicies":[{"compilerId":"contract_compiler.v1","contractHash":"87dbd432542ec5914a1b3ac55f73a04f3546b16a57c1426e03f944baaf7bdf7e","policyHash":"741289d059e8fd2f5c8592fd502e4645bc854e6ee352c7353928bf6074507aa7","policySnapshot":{"connect":{"enabled":false,"splitPlanHash":null},"contractId":"c_demo_delivery","contractVersion":1,"policies":{"claimPolicy":{"autoApproveThresholdCents":0,"currency":"USD","maxPayoutCents":0,"reservePercent":0},"coveragePolicy":{"coverageTierId":null,"creditFundingModel":"PLATFORM_EXPENSE","feeCentsPerJob":0,"feeModel":"PER_JOB","includedAssistSeconds":0,"insurerId":null,"overageRateCentsPerMinute":0,"recoverablePercent":100,"recoverableTerms":null,"required":false,"reserveFundPercent":100,"responseSlaSeconds":0},"creditPolicy":{"currency":"USD","defaultAmountCents":1250,"enabled":true,"maxAmountCents":1250},"evidencePolicy":{"retentionDays":30},"slaOverridesByEnvironmentTier":{}},"schemaVersion":"ContractPolicyTemplate.v1"},"policySnapshotFile":"policies/741289d059e8fd2f5c8592fd502e4645bc854e6ee352c7353928bf6074507aa7.json"}],"eventChain":{"ok":true},"generatedAt":"2026-01-20T10:19:32.000Z","kind":"JobProofBundle.v1","schemaVersion":"ProofBundleVerifyReport.v1","scope":{"jobId":"job_det_00000012"},"tenantId":"tenant_default"}
