{"artifactHash":"bba6faa1d5e11865c41f6e2e6fb67c86d2b3e05390b9442d6f03bf9bf6081d93","artifactId":"cert_job_det_00000012_evt_det_00000046","artifactType":"WorkCertificate.v1","atChainHash":"67d4bdbcf0c3769e8d7be7f3a98a17a214e080e4fc4102d0d649e68d28de145f","eventProof":{"eventCount":14,"lastChainHash":"67d4bdbcf0c3769e8d7be7f3a98a17a214e080e4fc4102d0d649e68d28de145f","signatures":{"signedEventCount":14,"signerKeyIds":["key_11d527437c641225cc41a7c7","key_194af022ebdc840a1ff22836"]}},"evidence":[],"generatedAt":"2026-01-20T10:19:32.000Z","job":{"access":{"accessPlanId":"ap_job_det_00000012","deniedAt":null,"expiredAt":null,"grantedAt":"2026-01-20T10:01:00.000Z","revokedAt":null,"status":"granted"},"assist":{"acceptedAt":null,"assignedAt":null,"declinedAt":null,"operatorId":null,"queueId":null,"queuedAt":null,"status":"none"},"bookingWindow":{"endAt":"2026-01-20T10:15:00.000Z","startAt":"2026-01-20T10:00:00.000Z"},"claimsCount":0,"contractId":"c_demo_delivery","customerCompilerId":"contract_compiler.v1","customerContractHash":"87dbd432542ec5914a1b3ac55f73a04f3546b16a57c1426e03f944baaf7bdf7e","customerId":"cust_demo","customerPolicyHash":"c12e7b9f6aba3585b1e0c795d40062719c3a15313a6d32020eb4ae9eefd356e8","environmentTier":"ENV_HOSPITALITY","execution":{"abortedAt":null,"completedAt":"2026-01-20T10:18:32.000Z","lastHeartbeatAssistRequested":null,"lastHeartbeatAt":null,"lastHeartbeatProgress":null,"lastHeartbeatStage":null,"resumedAt":null,"robotId":"rob_demo_delivery","stage":null,"stallReason":null,"stalledAt":null,"startedAt":"2026-01-20T10:18:00.000Z"},"incidentsCount":0,"operatorCompilerId":"contract_compiler.v1","operatorContractHash":"87dbd432542ec5914a1b3ac55f73a04f3546b16a57c1426e03f944baaf7bdf7e","operatorCoverage":{"endAt":null,"operatorId":null,"releasedAt":null,"reservationId":null,"reservedAt":null,"startAt":null,"status":"none"},"operatorPolicyHash":"c12e7b9f6aba3585b1e0c795d40062719c3a15313a6d32020eb4ae9eefd356e8","requiredZonesHash":"df5dd08e5c0ea62787dbd71e4b89ba74b134895a9b1cdba2acf29fc294a633b1","risk":{"basis":"BOOK","currency":"USD","expectedAssistSeconds":240,"expectedCreditBurnRateCents":50,"expectedIncidentProbabilityBps":1150,"modelVersion":1,"policyHash":"c12e7b9f6aba3585b1e0c795d40062719c3a15313a6d32020eb4ae9eefd356e8","riskScore":70,"scoredAt":"2026-01-20T09:50:00.000Z"},"siteId":"site_demo","slaBreachesCount":0,"slaCreditsCount":0,"status":"SETTLED","templateId":"reset_standard","zoneId":"zone_default"},"jobId":"job_det_00000012","jobVersion":14,"policyHash":"c12e7b9f6aba3585b1e0c795d40062719c3a15313a6d32020eb4ae9eefd356e8","proof":null,"schemaVersion":"WorkCertificate.v1","sourceEventId":"evt_det_00000046","tenantId":"tenant_default"}
