{"artifactHash":"caf1af6b260b12b1a90e8c536ce9a5cf303bdc5b68da9c4dffcf486baba71905","artifactId":"payout_tenant_default_pty_operator_2026-01_dc64fe38404ff8c6005c4d91e5a2c562b343d04ccaff14081c0acfb41aa9e956","artifactType":"PayoutInstruction.v1","atChainHash":"7c55c72c90780689bb8c7c504ac34252063c2b2313d1920cf840391d98f06fe1","eventProof":{"eventCount":1,"lastChainHash":"7c55c72c90780689bb8c7c504ac34252063c2b2313d1920cf840391d98f06fe1","signatures":{"signedEventCount":1,"signerKeyIds":["key_194af022ebdc840a1ff22836"]}},"generatedAt":"2026-01-20T10:19:32.000Z","partyId":"pty_operator","partyRole":"operator","payout":{"amountCents":8463,"currency":"USD","destinationRef":null},"payoutKey":"tenant_default:party:pty_operator:period:2026-01:statement:dc64fe38404ff8c6005c4d91e5a2c562b343d04ccaff14081c0acfb41aa9e956","period":"2026-01","schemaVersion":"PayoutInstruction.v1","sourceEventId":"evt_det_00000056","statementHash":"dc64fe38404ff8c6005c4d91e5a2c562b343d04ccaff14081c0acfb41aa9e956","tenantId":"tenant_default"}
