{"access":{"accessPlanId":"ap_job_det_00000012","deniedAt":null,"expiredAt":null,"grantedAt":"2026-01-20T10:01:00.000Z","revokedAt":null,"status":"granted"},"accessPlan":{"accessPlanId":"ap_job_det_00000012","credentialRef":"vault://access/ap_job_det_00000012/v1","jobId":"job_det_00000012","method":"DOCKED_IN_BUILDING","requestedBy":"system","revocable":true,"scope":{"areas":["LOADING_DOCK"],"noGo":[]},"validFrom":"2026-01-20T10:00:00.000Z","validTo":"2026-01-20T10:45:00.000Z"},"assist":{"acceptedAt":null,"assignedAt":null,"declinedAt":null,"operatorId":null,"queueId":null,"queuedAt":null,"status":"none"},"booking":{"contractId":"c_demo_delivery","contractVersion":1,"creditPolicy":{"currency":"USD","defaultAmountCents":1250,"enabled":true,"maxAmountCents":1250},"customerCompilerId":"contract_compiler.v1","customerContractHash":"87dbd432542ec5914a1b3ac55f73a04f3546b16a57c1426e03f944baaf7bdf7e","customerId":"cust_demo","endAt":"2026-01-20T10:15:00.000Z","environmentTier":"ENV_HOSPITALITY","evidencePolicy":{"retentionDays":30},"paymentHoldId":"hold_job_det_00000012","policyHash":"c12e7b9f6aba3585b1e0c795d40062719c3a15313a6d32020eb4ae9eefd356e8","policySnapshot":{"claimPolicy":{"autoApproveThresholdCents":0,"currency":"USD","maxPayoutCents":0,"reservePercent":0},"contractId":"c_demo_delivery","contractVersion":1,"coveragePolicy":{"coverageTierId":null,"creditFundingModel":"PLATFORM_EXPENSE","feeCentsPerJob":0,"feeModel":"PER_JOB","includedAssistSeconds":0,"insurerId":null,"overageRateCentsPerMinute":0,"recoverablePercent":100,"recoverableTerms":null,"required":false,"reserveFundPercent":100,"responseSlaSeconds":0},"creditPolicy":{"currency":"USD","defaultAmountCents":1250,"enabled":true,"maxAmountCents":1250},"environmentTier":"ENV_HOSPITALITY","evidencePolicy":{"retentionDays":30},"proofPolicy":null,"requiresOperatorCoverage":false,"schemaVersion":"PolicySnapshot.v1","sla":{"maxExecutionMs":5400000,"maxStallMs":600000,"mustStartWithinWindow":true,"slaVersion":1}},"requiredZones":{"schemaVersion":"ZoneSet.v1","zoneSetId":"zones_job_det_00000012","zones":[{"label":"zone_default","zoneId":"zone_default"}]},"requiredZonesHash":"df5dd08e5c0ea62787dbd71e4b89ba74b134895a9b1cdba2acf29fc294a633b1","requiresOperatorCoverage":false,"siteId":"site_demo","sla":{"maxExecutionMs":5400000,"maxStallMs":600000,"mustStartWithinWindow":true,"slaVersion":1},"startAt":"2026-01-20T10:00:00.000Z","zoneId":"zone_default"},"cancellation":null,"claims":[],"constraints":{},"contractId":"c_demo_delivery","createdAt":"2026-01-20T09:50:00.000Z","customerCompilerId":"contract_compiler.v1","customerContractHash":"87dbd432542ec5914a1b3ac55f73a04f3546b16a57c1426e03f944baaf7bdf7e","customerId":"cust_demo","customerPolicyHash":"c12e7b9f6aba3585b1e0c795d40062719c3a15313a6d32020eb4ae9eefd356e8","evidence":[],"execution":{"abortedAt":null,"completedAt":"2026-01-20T10:18:32.000Z","lastHeartbeatAssistRequested":null,"lastHeartbeatAt":null,"lastHeartbeatProgress":null,"lastHeartbeatStage":null,"resumedAt":null,"robotId":"rob_demo_delivery","stage":null,"stallReason":null,"stalledAt":null,"startedAt":"2026-01-20T10:18:00.000Z"},"id":"job_det_00000012","incidents":[],"lastChainHash":"8d052700ede8a005dd4db0713a67b10d38e6c448c326b64a570b5d33daf7aff7","lastEventId":"evt_det_00000051","match":{"operatorPartyId":"pty_operator_demo","robotId":"rob_demo_delivery"},"operatorCompilerId":"contract_compiler.v1","operatorContractHash":"87dbd432542ec5914a1b3ac55f73a04f3546b16a57c1426e03f944baaf7bdf7e","operatorCosts":[{"actor":{"id":"job_accounting_v0","type":"accounting"},"at":"2026-01-20T10:19:32.000Z","payload":{"assistSeconds":0,"basis":"SHIFT_RATE","costCents":0,"currency":"USD","jobId":"job_det_00000012","operatorId":null,"rateCentsPerMinute":0,"settledEventId":"evt_det_00000046","zoneId":"zone_default"}}],"operatorCoverage":{"endAt":null,"operatorId":null,"releasedAt":null,"reservationId":null,"reservedAt":null,"startAt":null,"status":"none"},"operatorPolicyHash":"c12e7b9f6aba3585b1e0c795d40062719c3a15313a6d32020eb4ae9eefd356e8","quote":{"amountCents":10850,"breakdown":{"baseCents":9500,"coverageFeeCents":0,"operatorCoverageCents":0,"riskPremiumCents":400,"surgeCents":950,"totalCents":10850},"currency":"USD","inputs":{"contractId":"c_demo_delivery","contractVersion":1,"customerId":"cust_demo","endAt":"2026-01-20T10:15:00.000Z","environmentTier":"ENV_HOSPITALITY","requiresOperatorCoverage":false,"siteId":"site_demo","startAt":"2026-01-20T10:00:00.000Z","zoneId":"zone_default"},"pricingVersion":1,"sla":{"maxExecutionMs":5400000,"maxStallMs":600000,"mustStartWithinWindow":true,"slaVersion":1},"supplySnapshot":{"activeOperators":0,"availableRobots":1}},"reservation":{"endAt":"2026-01-20T10:15:00.000Z","reservationId":"rsv_job_det_00000012","robotId":"rob_demo_delivery","startAt":"2026-01-20T10:00:00.000Z"},"revision":16,"riskScores":[{"actor":{"id":"risk_v1","type":"risk"},"at":"2026-01-20T09:50:00.000Z","payload":{"basis":"QUOTE","currency":"USD","expectedAssistSeconds":240,"expectedCreditBurnRateCents":50,"expectedIncidentProbabilityBps":1150,"features":{"activeOperators":0,"availableRobots":1,"avgAvailableRobotTrustScoreBps":5000,"customerId":"cust_demo","environmentTier":"ENV_HOSPITALITY","historyAvgAssistSeconds":0,"historyAvgClaimsPaidCents":0,"historyAvgCreditCents":0,"historyIncidentRateBps":0,"historySampleJobs":0,"historyStallRateBps":0,"historyWindowDays":30,"requiresOperatorCoverage":false,"siteId":"site_demo","templateId":"reset_standard","zoneId":"zone_default"},"jobId":"job_det_00000012","modelVersion":1,"policyHash":null,"riskScore":70,"scoredAt":"2026-01-20T09:50:00.000Z","sourceEventId":"evt_det_00000016"}},{"actor":{"id":"risk_v1","type":"risk"},"at":"2026-01-20T09:50:00.000Z","payload":{"basis":"BOOK","currency":"USD","expectedAssistSeconds":240,"expectedCreditBurnRateCents":50,"expectedIncidentProbabilityBps":1150,"features":{"activeOperators":0,"availableRobots":1,"avgAvailableRobotTrustScoreBps":5000,"customerId":"cust_demo","environmentTier":"ENV_HOSPITALITY","historyAvgAssistSeconds":0,"historyAvgClaimsPaidCents":0,"historyAvgCreditCents":0,"historyIncidentRateBps":0,"historySampleJobs":0,"historyStallRateBps":0,"historyWindowDays":30,"requiresOperatorCoverage":false,"siteId":"site_demo","templateId":"reset_standard","zoneId":"zone_default"},"jobId":"job_det_00000012","modelVersion":1,"policyHash":"c12e7b9f6aba3585b1e0c795d40062719c3a15313a6d32020eb4ae9eefd356e8","riskScore":70,"scoredAt":"2026-01-20T09:50:00.000Z","sourceEventId":"evt_det_00000020"}}],"siteId":"site_demo","skillLicenses":[],"skillUses":[],"slaBreaches":[{"actor":{"id":"job_accounting_v0","type":"accounting"},"at":"2026-01-20T10:19:32.000Z","payload":{"breaches":[{"latenessMs":180000,"startedAt":"2026-01-20T10:18:00.000Z","type":"START_LATE","windowEndAt":"2026-01-20T10:15:00.000Z","windowStartAt":"2026-01-20T10:00:00.000Z"},{"completedAt":"2026-01-20T10:18:32.000Z","latenessMs":212000,"type":"COMPLETE_LATE","windowEndAt":"2026-01-20T10:15:00.000Z"}],"detectedAt":"2026-01-20T10:19:32.000Z","jobId":"job_det_00000012","policy":{"maxExecutionMs":5400000,"maxStallMs":600000,"mustStartWithinWindow":true,"slaVersion":1},"policyHash":"c12e7b9f6aba3585b1e0c795d40062719c3a15313a6d32020eb4ae9eefd356e8","settledEventId":"evt_det_00000046","window":{"endAt":"2026-01-20T10:15:00.000Z","startAt":"2026-01-20T10:00:00.000Z"}}}],"slaCredits":[{"actor":{"id":"job_accounting_v0","type":"accounting"},"at":"2026-01-20T10:19:32.000Z","payload":{"amountCents":1250,"creditId":"cred_det_00000050","currency":"USD","issuedAt":"2026-01-20T10:19:32.000Z","jobId":"job_det_00000012","policyHash":"c12e7b9f6aba3585b1e0c795d40062719c3a15313a6d32020eb4ae9eefd356e8","reason":"SLA_BREACH","settledEventId":"evt_det_00000046","trigger":{"breachEventId":"evt_det_00000049","breaches":[{"latenessMs":180000,"startedAt":"2026-01-20T10:18:00.000Z","type":"START_LATE","windowEndAt":"2026-01-20T10:15:00.000Z","windowStartAt":"2026-01-20T10:00:00.000Z"},{"completedAt":"2026-01-20T10:18:32.000Z","latenessMs":212000,"type":"COMPLETE_LATE","windowEndAt":"2026-01-20T10:15:00.000Z"}],"detectedAt":"2026-01-20T10:19:32.000Z","policy":{"maxExecutionMs":5400000,"maxStallMs":600000,"mustStartWithinWindow":true,"slaVersion":1},"type":"SLA_BREACH","window":{"endAt":"2026-01-20T10:15:00.000Z","startAt":"2026-01-20T10:00:00.000Z"}}}}],"status":"SETTLED","templateId":"reset_standard","tenantId":"tenant_default","updatedAt":"2026-01-20T10:19:32.000Z"}
