{"artifactHash":"3a69d9a858f690f50f9d7a94f15c77952eb783d686fdc4faced865f74c636cb6","artifactId":"gl_tenant_default_2026-01_evt_det_00000056","artifactType":"GLBatch.v1","atChainHash":"7c55c72c90780689bb8c7c504ac34252063c2b2313d1920cf840391d98f06fe1","basis":"settledAt","batch":{"basis":"settledAt","generatedAt":"2026-01-20T10:19:32.000Z","lines":[{"accountId":"acct_cash","amountCents":10850,"at":"2026-01-20T09:50:00.000Z","currency":"USD","entryId":"jnl_evt_det_00000020","jobId":"job_det_00000012","lineId":"jnl_evt_det_00000020:p0:pty_platform","memo":"job:job_det_00000012 BOOKED","partyId":"pty_platform","partyRole":"platform","postingId":"p0"},{"accountId":"acct_customer_escrow","amountCents":-10850,"at":"2026-01-20T09:50:00.000Z","currency":"USD","entryId":"jnl_evt_det_00000020","jobId":"job_det_00000012","lineId":"jnl_evt_det_00000020:p1:pty_customer:cust_demo","memo":"job:job_det_00000012 BOOKED","partyId":"pty_customer:cust_demo","partyRole":"customer","postingId":"p1"},{"accountId":"acct_customer_escrow","amountCents":10850,"at":"2026-01-20T10:19:32.000Z","currency":"USD","entryId":"jnl_evt_det_00000046","jobId":"job_det_00000012","lineId":"jnl_evt_det_00000046:p0:pty_customer:cust_demo","memo":"job:job_det_00000012 SETTLED","partyId":"pty_customer:cust_demo","partyRole":"customer","postingId":"p0"},{"accountId":"acct_platform_revenue","amountCents":-2170,"at":"2026-01-20T10:19:32.000Z","currency":"USD","entryId":"jnl_evt_det_00000046","jobId":"job_det_00000012","lineId":"jnl_evt_det_00000046:p1:pty_platform","memo":"job:job_det_00000012 SETTLED","partyId":"pty_platform","partyRole":"platform","postingId":"p1"},{"accountId":"acct_owner_payable","amountCents":-8463,"at":"2026-01-20T10:19:32.000Z","currency":"USD","entryId":"jnl_evt_det_00000046","jobId":"job_det_00000012","lineId":"jnl_evt_det_00000046:p2:pty_operator","memo":"job:job_det_00000012 SETTLED","partyId":"pty_operator","partyRole":"operator","postingId":"p2"},{"accountId":"acct_insurance_reserve","amountCents":-217,"at":"2026-01-20T10:19:32.000Z","currency":"USD","entryId":"jnl_evt_det_00000046","jobId":"job_det_00000012","lineId":"jnl_evt_det_00000046:p3:pty_platform","memo":"job:job_det_00000012 SETTLED","partyId":"pty_platform","partyRole":"platform","postingId":"p3"},{"accountId":"acct_sla_credits_expense","amountCents":1250,"at":"2026-01-20T10:19:32.000Z","currency":"USD","entryId":"jnl_evt_det_00000051","jobId":"job_det_00000012","lineId":"jnl_evt_det_00000051:p0:pty_platform","memo":"job:job_det_00000012 SLA_CREDIT_ISSUED","partyId":"pty_platform","partyRole":"platform","postingId":"p0"},{"accountId":"acct_customer_credits_payable","amountCents":-1250,"at":"2026-01-20T10:19:32.000Z","currency":"USD","entryId":"jnl_evt_det_00000051","jobId":"job_det_00000012","lineId":"jnl_evt_det_00000051:p1:pty_customer:cust_demo","memo":"job:job_det_00000012 SLA_CREDIT_ISSUED","partyId":"pty_customer:cust_demo","partyRole":"customer","postingId":"p1"}],"monthClose":{"basis":"settledAt","month":"2026-01","monthCloseEventId":"evt_det_00000056","monthlyStatementArtifactHash":"88a07a890f3e8d5fee3a2715d8e77c14fd0659909d4b6dd8920a029f1f77fbd8"},"period":"2026-01","tenantId":"tenant_default","totals":{"totalCents":0,"totalsByAccountId":{"acct_cash":10850,"acct_customer_credits_payable":-1250,"acct_customer_escrow":0,"acct_insurance_reserve":-217,"acct_owner_payable":-8463,"acct_platform_revenue":-2170,"acct_sla_credits_expense":1250},"totalsByPartyId":{"pty_customer:cust_demo":-1250,"pty_operator":-8463,"pty_platform":9713}},"type":"GLBatchBody.v1"},"eventProof":{"eventCount":1,"lastChainHash":"7c55c72c90780689bb8c7c504ac34252063c2b2313d1920cf840391d98f06fe1","signatures":{"signedEventCount":1,"signerKeyIds":["key_194af022ebdc840a1ff22836"]}},"generatedAt":"2026-01-20T10:19:32.000Z","period":"2026-01","schemaVersion":"GLBatch.v1","sourceEventId":"evt_det_00000056","tenantId":"tenant_default"}
