schemaVersion,tenantId,period,basis,glBatchArtifactHash,entryId,postingId,at,partyId,partyRole,accountId,externalAccount,debitCents,creditCents,currency,jobId,memo
JournalCsv.v1,tenant_default,2026-01,settledAt,3a69d9a858f690f50f9d7a94f15c77952eb783d686fdc4faced865f74c636cb6,jnl_evt_det_00000020,p0,2026-01-20T09:50:00.000Z,pty_platform,platform,acct_cash,1000,10850,0,USD,job_det_00000012,job:job_det_00000012 BOOKED
JournalCsv.v1,tenant_default,2026-01,settledAt,3a69d9a858f690f50f9d7a94f15c77952eb783d686fdc4faced865f74c636cb6,jnl_evt_det_00000020,p1,2026-01-20T09:50:00.000Z,pty_customer:cust_demo,customer,acct_customer_escrow,2100,0,10850,USD,job_det_00000012,job:job_det_00000012 BOOKED
JournalCsv.v1,tenant_default,2026-01,settledAt,3a69d9a858f690f50f9d7a94f15c77952eb783d686fdc4faced865f74c636cb6,jnl_evt_det_00000046,p0,2026-01-20T10:19:32.000Z,pty_customer:cust_demo,customer,acct_customer_escrow,2100,10850,0,USD,job_det_00000012,job:job_det_00000012 SETTLED
JournalCsv.v1,tenant_default,2026-01,settledAt,3a69d9a858f690f50f9d7a94f15c77952eb783d686fdc4faced865f74c636cb6,jnl_evt_det_00000046,p1,2026-01-20T10:19:32.000Z,pty_platform,platform,acct_platform_revenue,4000,0,2170,USD,job_det_00000012,job:job_det_00000012 SETTLED
JournalCsv.v1,tenant_default,2026-01,settledAt,3a69d9a858f690f50f9d7a94f15c77952eb783d686fdc4faced865f74c636cb6,jnl_evt_det_00000046,p2,2026-01-20T10:19:32.000Z,pty_operator,operator,acct_owner_payable,2000,0,8463,USD,job_det_00000012,job:job_det_00000012 SETTLED
JournalCsv.v1,tenant_default,2026-01,settledAt,3a69d9a858f690f50f9d7a94f15c77952eb783d686fdc4faced865f74c636cb6,jnl_evt_det_00000046,p3,2026-01-20T10:19:32.000Z,pty_platform,platform,acct_insurance_reserve,2150,0,217,USD,job_det_00000012,job:job_det_00000012 SETTLED
JournalCsv.v1,tenant_default,2026-01,settledAt,3a69d9a858f690f50f9d7a94f15c77952eb783d686fdc4faced865f74c636cb6,jnl_evt_det_00000051,p0,2026-01-20T10:19:32.000Z,pty_platform,platform,acct_sla_credits_expense,4900,1250,0,USD,job_det_00000012,job:job_det_00000012 SLA_CREDIT_ISSUED
JournalCsv.v1,tenant_default,2026-01,settledAt,3a69d9a858f690f50f9d7a94f15c77952eb783d686fdc4faced865f74c636cb6,jnl_evt_det_00000051,p1,2026-01-20T10:19:32.000Z,pty_customer:cust_demo,customer,acct_customer_credits_payable,2110,0,1250,USD,job_det_00000012,job:job_det_00000012 SLA_CREDIT_ISSUED
