{"artifactHash":"88a07a890f3e8d5fee3a2715d8e77c14fd0659909d4b6dd8920a029f1f77fbd8","artifactId":"stmt_tenant_default_2026-01_evt_det_00000056","artifactType":"MonthlyStatement.v1","atChainHash":"7c55c72c90780689bb8c7c504ac34252063c2b2313d1920cf840391d98f06fe1","basis":"settledAt","eventProof":{"eventCount":1,"lastChainHash":"7c55c72c90780689bb8c7c504ac34252063c2b2313d1920cf840391d98f06fe1","signatures":{"signedEventCount":1,"signerKeyIds":["key_194af022ebdc840a1ff22836"]}},"generatedAt":"2026-01-20T10:19:32.000Z","month":"2026-01","schemaVersion":"MonthlyStatement.v1","sourceEventId":"evt_det_00000056","statement":{"customerId":null,"generatedAt":"2026-01-20T10:19:32.000Z","jobs":[{"amountCents":10850,"bookedAt":"2026-01-20T09:50:00.000Z","claimsPaidCents":0,"contractId":"c_demo_delivery","coverageFeeCents":0,"coverageReserveFundedCents":0,"coverageRevenueEarnedCents":0,"coverageTierId":null,"creditFundingModel":"PLATFORM_EXPENSE","creditsFromCoverageReserveCents":0,"creditsFromInsurerRecoverableCents":0,"creditsFromOperatorChargebackCents":0,"creditsFromPlatformExpenseCents":1250,"customerId":"cust_demo","environmentTier":"ENV_HOSPITALITY","expectedAssistSeconds":240,"expectedCreditBurnRateCents":50,"expectedIncidentProbabilityBps":1150,"incidentsCount":0,"jobId":"job_det_00000012","ledgerEntryIds":{"booked":"jnl_evt_det_00000020","operatorCost":"jnl_evt_det_00000048","quoted":"jnl_evt_det_00000016","settled":"jnl_evt_det_00000046","slaCredit":"jnl_evt_det_00000051"},"operatorCostCents":0,"riskScore":70,"settledAt":"2026-01-20T10:19:32.000Z","siteId":"site_demo","slaBreachesCount":1,"slaCreditsCents":1250,"templateId":"reset_standard","zoneId":"zone_default"}],"month":"2026-01","period":{"endAt":"2026-02-01T00:00:00.000Z","startAt":"2026-01-01T00:00:00.000Z"},"siteId":null,"summary":{"claimsPaidCents":0,"coverageFeesBilledCents":0,"coverageFeesCents":0,"coverageLossRatio":null,"coverageReserveBalanceCents":0,"coverageReserveFundedCents":0,"coverageRevenueEarnedCents":0,"creditsFromCoverageReserveCents":0,"creditsFromInsurerRecoverableCents":0,"creditsFromOperatorChargebackCents":0,"creditsFromPlatformExpenseCents":1250,"grossAmountCents":10850,"incidentsCount":0,"insurerReceivableBalanceCents":0,"jobsSettled":1,"operatorCostCents":0,"slaBreachesCount":1,"slaCreditsCents":1250},"tenantId":"tenant_default"},"tenantId":"tenant_default"}
