{"accountMapHash":"d4fb7c052a90cef72a34f92e86d4ae39f75bc392d785b94934c759c9cb889ef4","artifactHash":"f75ec87f2ebe4a28738264057313d34a06260e2a8596730acde7d97570d18515","artifactId":"journalcsv_tenant_default_2026-01_evt_det_00000056","artifactType":"JournalCsv.v1","atChainHash":"7c55c72c90780689bb8c7c504ac34252063c2b2313d1920cf840391d98f06fe1","basis":"settledAt","csv":"schemaVersion,tenantId,period,basis,glBatchArtifactHash,entryId,postingId,at,partyId,partyRole,accountId,externalAccount,debitCents,creditCents,currency,jobId,memo\nJournalCsv.v1,tenant_default,2026-01,settledAt,3a69d9a858f690f50f9d7a94f15c77952eb783d686fdc4faced865f74c636cb6,jnl_evt_det_00000020,p0,2026-01-20T09:50:00.000Z,pty_platform,platform,acct_cash,1000,10850,0,USD,job_det_00000012,job:job_det_00000012 BOOKED\nJournalCsv.v1,tenant_default,2026-01,settledAt,3a69d9a858f690f50f9d7a94f15c77952eb783d686fdc4faced865f74c636cb6,jnl_evt_det_00000020,p1,2026-01-20T09:50:00.000Z,pty_customer:cust_demo,customer,acct_customer_escrow,2100,0,10850,USD,job_det_00000012,job:job_det_00000012 BOOKED\nJournalCsv.v1,tenant_default,2026-01,settledAt,3a69d9a858f690f50f9d7a94f15c77952eb783d686fdc4faced865f74c636cb6,jnl_evt_det_00000046,p0,2026-01-20T10:19:32.000Z,pty_customer:cust_demo,customer,acct_customer_escrow,2100,10850,0,USD,job_det_00000012,job:job_det_00000012 SETTLED\nJournalCsv.v1,tenant_default,2026-01,settledAt,3a69d9a858f690f50f9d7a94f15c77952eb783d686fdc4faced865f74c636cb6,jnl_evt_det_00000046,p1,2026-01-20T10:19:32.000Z,pty_platform,platform,acct_platform_revenue,4000,0,2170,USD,job_det_00000012,job:job_det_00000012 SETTLED\nJournalCsv.v1,tenant_default,2026-01,settledAt,3a69d9a858f690f50f9d7a94f15c77952eb783d686fdc4faced865f74c636cb6,jnl_evt_det_00000046,p2,2026-01-20T10:19:32.000Z,pty_operator,operator,acct_owner_payable,2000,0,8463,USD,job_det_00000012,job:job_det_00000012 SETTLED\nJournalCsv.v1,tenant_default,2026-01,settledAt,3a69d9a858f690f50f9d7a94f15c77952eb783d686fdc4faced865f74c636cb6,jnl_evt_det_00000046,p3,2026-01-20T10:19:32.000Z,pty_platform,platform,acct_insurance_reserve,2150,0,217,USD,job_det_00000012,job:job_det_00000012 SETTLED\nJournalCsv.v1,tenant_default,2026-01,settledAt,3a69d9a858f690f50f9d7a94f15c77952eb783d686fdc4faced865f74c636cb6,jnl_evt_det_00000051,p0,2026-01-20T10:19:32.000Z,pty_platform,platform,acct_sla_credits_expense,4900,1250,0,USD,job_det_00000012,job:job_det_00000012 SLA_CREDIT_ISSUED\nJournalCsv.v1,tenant_default,2026-01,settledAt,3a69d9a858f690f50f9d7a94f15c77952eb783d686fdc4faced865f74c636cb6,jnl_evt_det_00000051,p1,2026-01-20T10:19:32.000Z,pty_customer:cust_demo,customer,acct_customer_credits_payable,2110,0,1250,USD,job_det_00000012,job:job_det_00000012 SLA_CREDIT_ISSUED\n","csvSha256":"c824218ca28da69b8aacaec77a38ba31893ae2eefca91877f196616a33ac4f23","eventProof":{"eventCount":1,"lastChainHash":"7c55c72c90780689bb8c7c504ac34252063c2b2313d1920cf840391d98f06fe1","signatures":{"signedEventCount":1,"signerKeyIds":["key_194af022ebdc840a1ff22836"]}},"generatedAt":"2026-01-20T10:19:32.000Z","glBatchArtifactHash":"3a69d9a858f690f50f9d7a94f15c77952eb783d686fdc4faced865f74c636cb6","glBatchArtifactId":"gl_tenant_default_2026-01_evt_det_00000056","period":"2026-01","schemaVersion":"JournalCsv.v1","sourceEventId":"evt_det_00000056","tenantId":"tenant_default"}
