{"artifactHash":"72a83729a3a63d2388fc46bfb4301b8c6ba5beb58248635de8dcad878de0bb22","artifactId":"pstmt_tenant_default_pty_platform_2026-01_evt_det_00000056","artifactType":"PartyStatement.v1","atChainHash":"7c55c72c90780689bb8c7c504ac34252063c2b2313d1920cf840391d98f06fe1","basis":"settledAt","eventProof":{"eventCount":1,"lastChainHash":"7c55c72c90780689bb8c7c504ac34252063c2b2313d1920cf840391d98f06fe1","signatures":{"signedEventCount":1,"signerKeyIds":["key_194af022ebdc840a1ff22836"]}},"generatedAt":"2026-01-20T10:19:32.000Z","partyId":"pty_platform","partyRole":"platform","period":"2026-01","schemaVersion":"PartyStatement.v1","sourceEventId":"evt_det_00000056","statement":{"allocationCount":4,"allocationDigest":"12549282cc134b8fbccf8cd0607812efbbc7f93699e90c6bac9843b58f568076","balanceDeltaCents":9713,"basis":"settledAt","creditsCents":0,"currency":"USD","feesCents":2170,"includedEntryIds":["jnl_evt_det_00000020","jnl_evt_det_00000046","jnl_evt_det_00000051"],"netCents":2170,"partyId":"pty_platform","partyRole":"platform","payoutCents":0,"period":"2026-01","tenantId":"tenant_default","totalsByAccountId":{"acct_cash":10850,"acct_insurance_reserve":-217,"acct_platform_revenue":-2170,"acct_sla_credits_expense":1250},"type":"PartyStatementBody.v1","v":1},"tenantId":"tenant_default"}
