{"artifactHash":"dc64fe38404ff8c6005c4d91e5a2c562b343d04ccaff14081c0acfb41aa9e956","artifactId":"pstmt_tenant_default_pty_operator_2026-01_evt_det_00000056","artifactType":"PartyStatement.v1","atChainHash":"7c55c72c90780689bb8c7c504ac34252063c2b2313d1920cf840391d98f06fe1","basis":"settledAt","eventProof":{"eventCount":1,"lastChainHash":"7c55c72c90780689bb8c7c504ac34252063c2b2313d1920cf840391d98f06fe1","signatures":{"signedEventCount":1,"signerKeyIds":["key_194af022ebdc840a1ff22836"]}},"generatedAt":"2026-01-20T10:19:32.000Z","partyId":"pty_operator","partyRole":"operator","period":"2026-01","schemaVersion":"PartyStatement.v1","sourceEventId":"evt_det_00000056","statement":{"allocationCount":1,"allocationDigest":"46354b72ae8b444176be0c8ada4a8069dd2df032d1c87cf2a67eb479f9924ac2","balanceDeltaCents":-8463,"basis":"settledAt","creditsCents":0,"currency":"USD","feesCents":0,"includedEntryIds":["jnl_evt_det_00000046"],"netCents":8463,"partyId":"pty_operator","partyRole":"operator","payoutCents":8463,"period":"2026-01","tenantId":"tenant_default","totalsByAccountId":{"acct_owner_payable":-8463},"type":"PartyStatementBody.v1","v":1},"tenantId":"tenant_default"}
