{"artifactHash":"e05fcca7024a295d3ba35923e2356696c433f8ec8d059f2b36327d7c4e970627","artifactId":"pstmt_tenant_default_pty_customer:cust_demo_2026-01_evt_det_00000056","artifactType":"PartyStatement.v1","atChainHash":"7c55c72c90780689bb8c7c504ac34252063c2b2313d1920cf840391d98f06fe1","basis":"settledAt","eventProof":{"eventCount":1,"lastChainHash":"7c55c72c90780689bb8c7c504ac34252063c2b2313d1920cf840391d98f06fe1","signatures":{"signedEventCount":1,"signerKeyIds":["key_194af022ebdc840a1ff22836"]}},"generatedAt":"2026-01-20T10:19:32.000Z","partyId":"pty_customer:cust_demo","partyRole":"customer","period":"2026-01","schemaVersion":"PartyStatement.v1","sourceEventId":"evt_det_00000056","statement":{"allocationCount":3,"allocationDigest":"c02897742f44b68ecdb78194f0dea31b156d0bee53128ced405e4a9bafeaf5d4","balanceDeltaCents":-1250,"basis":"settledAt","creditsCents":1250,"currency":"USD","feesCents":0,"includedEntryIds":["jnl_evt_det_00000020","jnl_evt_det_00000046","jnl_evt_det_00000051"],"netCents":1250,"partyId":"pty_customer:cust_demo","partyRole":"customer","payoutCents":0,"period":"2026-01","tenantId":"tenant_default","totalsByAccountId":{"acct_customer_credits_payable":-1250,"acct_customer_escrow":0},"type":"PartyStatementBody.v1","v":1},"tenantId":"tenant_default"}
