{"artifactHash":"296c61b08c69722ec7f964a20d021d4802fbd6778f2ef0f2cad868224ce5d6a9","artifactId":"settlement_job_det_00000012_evt_det_00000051","artifactType":"SettlementStatement.v1","atChainHash":"8d052700ede8a005dd4db0713a67b10d38e6c448c326b64a570b5d33daf7aff7","eventProof":{"eventCount":17,"lastChainHash":"8d052700ede8a005dd4db0713a67b10d38e6c448c326b64a570b5d33daf7aff7","signatures":{"signedEventCount":17,"signerKeyIds":["key_11d527437c641225cc41a7c7","key_194af022ebdc840a1ff22836"]}},"generatedAt":"2026-01-20T10:19:32.000Z","job":{"contractId":"c_demo_delivery","customerCompilerId":"contract_compiler.v1","customerContractHash":"87dbd432542ec5914a1b3ac55f73a04f3546b16a57c1426e03f944baaf7bdf7e","customerId":"cust_demo","customerPolicyHash":"c12e7b9f6aba3585b1e0c795d40062719c3a15313a6d32020eb4ae9eefd356e8","environmentTier":"ENV_HOSPITALITY","operatorCompilerId":"contract_compiler.v1","operatorContractHash":"87dbd432542ec5914a1b3ac55f73a04f3546b16a57c1426e03f944baaf7bdf7e","operatorPolicyHash":"c12e7b9f6aba3585b1e0c795d40062719c3a15313a6d32020eb4ae9eefd356e8","requiredZonesHash":"df5dd08e5c0ea62787dbd71e4b89ba74b134895a9b1cdba2acf29fc294a633b1","siteId":"site_demo","templateId":"reset_standard","zoneId":"zone_default"},"jobId":"job_det_00000012","jobVersion":17,"policyHash":"c12e7b9f6aba3585b1e0c795d40062719c3a15313a6d32020eb4ae9eefd356e8","proof":null,"schemaVersion":"SettlementStatement.v1","settlement":{"claimsPaidCents":0,"currency":"USD","ledgerEntryIds":["jnl_evt_det_00000020","jnl_evt_det_00000046","jnl_evt_det_00000051"],"operatorCostCents":0,"partyRollups":[{"balanceDeltaCents":-1250,"creditsCents":1250,"feesCents":0,"netCents":1250,"partyId":"pty_customer:cust_demo","partyRole":"customer","payoutCents":0},{"balanceDeltaCents":-8463,"creditsCents":0,"feesCents":0,"netCents":8463,"partyId":"pty_operator","partyRole":"operator","payoutCents":8463},{"balanceDeltaCents":9713,"creditsCents":0,"feesCents":2170,"netCents":2170,"partyId":"pty_platform","partyRole":"platform","payoutCents":0}],"quoteAmountCents":10850,"slaCreditsCents":1250,"splitPlanHash":null,"totalsByAccountId":{"acct_cash":10850,"acct_customer_credits_payable":-1250,"acct_customer_escrow":0,"acct_insurance_reserve":-217,"acct_owner_payable":-8463,"acct_platform_revenue":-2170,"acct_sla_credits_expense":1250}},"sourceEventId":"evt_det_00000051","tenantId":"tenant_default"}
