{"artifactHash":"6cc9aabb421b6369138cd3907e37e69e6375bd5aa1fd582b9af92ccbe0029fd9","artifactId":"settlement_job_det_00000012_evt_det_00000046","artifactType":"SettlementStatement.v1","atChainHash":"67d4bdbcf0c3769e8d7be7f3a98a17a214e080e4fc4102d0d649e68d28de145f","eventProof":{"eventCount":14,"lastChainHash":"67d4bdbcf0c3769e8d7be7f3a98a17a214e080e4fc4102d0d649e68d28de145f","signatures":{"signedEventCount":14,"signerKeyIds":["key_11d527437c641225cc41a7c7","key_194af022ebdc840a1ff22836"]}},"generatedAt":"2026-01-20T10:19:32.000Z","job":{"contractId":"c_demo_delivery","customerCompilerId":"contract_compiler.v1","customerContractHash":"87dbd432542ec5914a1b3ac55f73a04f3546b16a57c1426e03f944baaf7bdf7e","customerId":"cust_demo","customerPolicyHash":"c12e7b9f6aba3585b1e0c795d40062719c3a15313a6d32020eb4ae9eefd356e8","environmentTier":"ENV_HOSPITALITY","operatorCompilerId":"contract_compiler.v1","operatorContractHash":"87dbd432542ec5914a1b3ac55f73a04f3546b16a57c1426e03f944baaf7bdf7e","operatorPolicyHash":"c12e7b9f6aba3585b1e0c795d40062719c3a15313a6d32020eb4ae9eefd356e8","requiredZonesHash":"df5dd08e5c0ea62787dbd71e4b89ba74b134895a9b1cdba2acf29fc294a633b1","siteId":"site_demo","templateId":"reset_standard","zoneId":"zone_default"},"jobId":"job_det_00000012","jobVersion":14,"policyHash":"c12e7b9f6aba3585b1e0c795d40062719c3a15313a6d32020eb4ae9eefd356e8","proof":null,"schemaVersion":"SettlementStatement.v1","settlement":{"claimsPaidCents":0,"currency":"USD","ledgerEntryIds":["jnl_evt_det_00000020","jnl_evt_det_00000046"],"operatorCostCents":0,"partyRollups":[{"balanceDeltaCents":0,"creditsCents":0,"feesCents":0,"netCents":0,"partyId":"pty_customer:cust_demo","partyRole":"customer","payoutCents":0},{"balanceDeltaCents":-8463,"creditsCents":0,"feesCents":0,"netCents":8463,"partyId":"pty_operator","partyRole":"operator","payoutCents":8463},{"balanceDeltaCents":8463,"creditsCents":0,"feesCents":2170,"netCents":2170,"partyId":"pty_platform","partyRole":"platform","payoutCents":0}],"quoteAmountCents":10850,"slaCreditsCents":0,"splitPlanHash":null,"totalsByAccountId":{"acct_cash":10850,"acct_customer_escrow":0,"acct_insurance_reserve":-217,"acct_owner_payable":-8463,"acct_platform_revenue":-2170}},"sourceEventId":"evt_det_00000046","tenantId":"tenant_default"}
