{"contractId":"c_demo_delivery","contractVersion":1,"name":"Demo Contract (delivery)","parties":{"customer":{"partyId":"pty_customer","requiresSignature":false},"operator":{"partyId":"pty_operator","requiresSignature":false},"platform":{"partyId":"pty_platform","requiresSignature":false}},"policies":{"claimPolicy":{"autoApproveThresholdCents":0,"currency":"USD","maxPayoutCents":0,"reservePercent":0},"coveragePolicy":{"coverageTierId":null,"creditFundingModel":"PLATFORM_EXPENSE","feeCentsPerJob":0,"feeModel":"PER_JOB","includedAssistSeconds":0,"insurerId":null,"overageRateCentsPerMinute":0,"recoverablePercent":100,"recoverableTerms":null,"required":false,"reserveFundPercent":100,"responseSlaSeconds":0},"creditPolicy":{"currency":"USD","defaultAmountCents":1250,"enabled":true,"maxAmountCents":1250},"evidencePolicy":{"retentionDays":30},"slaOverridesByEnvironmentTier":{}},"scope":{"customerId":null,"isDefault":false,"siteId":null,"skillId":null,"templateId":null,"zoneId":null},"type":"ContractDocument.v1","v":1}
