{"artifacts":[{"artifactHash":"3a69d9a858f690f50f9d7a94f15c77952eb783d686fdc4faced865f74c636cb6","artifactId":"gl_tenant_default_2026-01_evt_det_00000056","artifactType":"GLBatch.v1","error":null,"expectedHash":"3a69d9a858f690f50f9d7a94f15c77952eb783d686fdc4faced865f74c636cb6","ok":true},{"artifactHash":"f75ec87f2ebe4a28738264057313d34a06260e2a8596730acde7d97570d18515","artifactId":"journalcsv_tenant_default_2026-01_evt_det_00000056","artifactType":"JournalCsv.v1","error":null,"expectedHash":"f75ec87f2ebe4a28738264057313d34a06260e2a8596730acde7d97570d18515","ok":true},{"artifactHash":"caf1af6b260b12b1a90e8c536ce9a5cf303bdc5b68da9c4dffcf486baba71905","artifactId":"payout_tenant_default_pty_operator_2026-01_dc64fe38404ff8c6005c4d91e5a2c562b343d04ccaff14081c0acfb41aa9e956","artifactType":"PayoutInstruction.v1","error":null,"expectedHash":"caf1af6b260b12b1a90e8c536ce9a5cf303bdc5b68da9c4dffcf486baba71905","ok":true},{"artifactHash":"e05fcca7024a295d3ba35923e2356696c433f8ec8d059f2b36327d7c4e970627","artifactId":"pstmt_tenant_default_pty_customer:cust_demo_2026-01_evt_det_00000056","artifactType":"PartyStatement.v1","error":null,"expectedHash":"e05fcca7024a295d3ba35923e2356696c433f8ec8d059f2b36327d7c4e970627","ok":true},{"artifactHash":"dc64fe38404ff8c6005c4d91e5a2c562b343d04ccaff14081c0acfb41aa9e956","artifactId":"pstmt_tenant_default_pty_operator_2026-01_evt_det_00000056","artifactType":"PartyStatement.v1","error":null,"expectedHash":"dc64fe38404ff8c6005c4d91e5a2c562b343d04ccaff14081c0acfb41aa9e956","ok":true},{"artifactHash":"72a83729a3a63d2388fc46bfb4301b8c6ba5beb58248635de8dcad878de0bb22","artifactId":"pstmt_tenant_default_pty_platform_2026-01_evt_det_00000056","artifactType":"PartyStatement.v1","error":null,"expectedHash":"72a83729a3a63d2388fc46bfb4301b8c6ba5beb58248635de8dcad878de0bb22","ok":true},{"artifactHash":"88a07a890f3e8d5fee3a2715d8e77c14fd0659909d4b6dd8920a029f1f77fbd8","artifactId":"stmt_tenant_default_2026-01_evt_det_00000056","artifactType":"MonthlyStatement.v1","error":null,"expectedHash":"88a07a890f3e8d5fee3a2715d8e77c14fd0659909d4b6dd8920a029f1f77fbd8","ok":true}],"eventChain":{"ok":true},"generatedAt":"2026-01-20T10:19:32.000Z","kind":"MonthProofBundle.v1","schemaVersion":"ProofBundleVerifyReport.v1","scope":{"basis":"settledAt","period":"2026-01"},"tenantId":"tenant_default"}
